{
  "registry": {
    "gender": {
      "id": 1,
      "key": "gender",
      "count": 69,
      "first_seen": 1775738487.300792,
      "last_seen": 1776335621.9601228
    },
    "age_group": {
      "id": 2,
      "key": "age_group",
      "count": 69,
      "first_seen": 1775738487.301151,
      "last_seen": 1776335621.9614022
    },
    "height_build": {
      "id": 3,
      "key": "height_build",
      "count": 69,
      "first_seen": 1775738487.3012779,
      "last_seen": 1776335621.9616709
    },
    "topwear_color": {
      "id": 4,
      "key": "topwear_color",
      "count": 69,
      "first_seen": 1775738487.301387,
      "last_seen": 1776335621.9618728
    },
    "topwear_type": {
      "id": 5,
      "key": "topwear_type",
      "count": 69,
      "first_seen": 1775738487.301613,
      "last_seen": 1776335621.962065
    },
    "topwear_pattern_type": {
      "id": 6,
      "key": "topwear_pattern_type",
      "count": 69,
      "first_seen": 1775738487.301784,
      "last_seen": 1776335621.9622521
    },
    "topwear_pattern_desc": {
      "id": 7,
      "key": "topwear_pattern_desc",
      "count": 69,
      "first_seen": 1775738487.301916,
      "last_seen": 1776335621.962442
    },
    "topwear_pattern_position": {
      "id": 8,
      "key": "topwear_pattern_position",
      "count": 68,
      "first_seen": 1775738487.302094,
      "last_seen": 1776335621.9626298
    },
    "topwear_pattern_size": {
      "id": 9,
      "key": "topwear_pattern_size",
      "count": 68,
      "first_seen": 1775738487.302231,
      "last_seen": 1776335621.962816
    },
    "topwear_pattern_color": {
      "id": 10,
      "key": "topwear_pattern_color",
      "count": 68,
      "first_seen": 1775738487.3023648,
      "last_seen": 1776335621.963007
    },
    "bottomwear_color": {
      "id": 11,
      "key": "bottomwear_color",
      "count": 69,
      "first_seen": 1775738487.302489,
      "last_seen": 1776335621.96334
    },
    "bottomwear_type": {
      "id": 12,
      "key": "bottomwear_type",
      "count": 69,
      "first_seen": 1775738487.3026161,
      "last_seen": 1776335621.96366
    },
    "bottomwear_pattern": {
      "id": 13,
      "key": "bottomwear_pattern",
      "count": 69,
      "first_seen": 1775738487.302748,
      "last_seen": 1776335621.963867
    },
    "shoes_color": {
      "id": 14,
      "key": "shoes_color",
      "count": 69,
      "first_seen": 1775738487.3028831,
      "last_seen": 1776335621.964127
    },
    "shoes_type": {
      "id": 15,
      "key": "shoes_type",
      "count": 69,
      "first_seen": 1775738487.303026,
      "last_seen": 1776335621.964328
    },
    "hair_style": {
      "id": 16,
      "key": "hair_style",
      "count": 69,
      "first_seen": 1775738487.303267,
      "last_seen": 1776335621.964551
    },
    "hair_color": {
      "id": 17,
      "key": "hair_color",
      "count": 69,
      "first_seen": 1775738487.3034759,
      "last_seen": 1776335621.964771
    },
    "posture": {
      "id": 18,
      "key": "posture",
      "count": 69,
      "first_seen": 1775738487.303662,
      "last_seen": 1776335621.964971
    },
    "walking_direction": {
      "id": 19,
      "key": "walking_direction",
      "count": 2,
      "first_seen": 1775738487.303877,
      "last_seen": 1775738494.7803001
    },
    "bag": {
      "id": 20,
      "key": "bag",
      "count": 16,
      "first_seen": 1775743084.819036,
      "last_seen": 1776335238.165965
    },
    "distinctive_traits": {
      "id": 21,
      "key": "distinctive_traits",
      "count": 4,
      "first_seen": 1775743179.499051,
      "last_seen": 1775743481.9367528
    }
  },
  "next_id": 22,
  "updated_at": 1776335621.964971
}